{"stat.flyOneCm":43480,"stat.useItem.minecraft.ender_pearl":1,"stat.walkOneCm":70253,"stat.jump":12,"stat.playOneMinute":9865,"stat.fallOneCm":2125,"stat.pickup.thaumcraft.focus_3":1,"stat.sneakTime":214,"stat.damageTaken":822,"stat.damageDealt":738,"stat.killEntity.EldritchCrab":9,"stat.useItem.minecraft.golden_carrot":5,"stat.crouchOneCm":291,"stat.timeSinceDeath":9865,"stat.pickup.minecraft.ender_pearl":1,"stat.useItem.thaumcraft.elemental_sword":12,"stat.mobKills":30,"stat.sprintOneCm":36859,"stat.useItem.minecraft.stone_slab2":19,"stat.killEntity.MindSpider":15,"stat.pickup.returnoftheancients.tp_to_home_block":1}