{"stat.flyOneCm":100232,"stat.useItem.minecraft.ender_pearl":1,"stat.walkOneCm":105708,"stat.drop":1,"stat.jump":41,"stat.swimOneCm":446,"stat.drop.thaumcraft.caster_basic":1,"stat.playOneMinute":12466,"stat.fallOneCm":9863,"stat.useItem.minecraft.cooked_beef":15,"stat.sneakTime":820,"stat.damageTaken":2613,"stat.damageDealt":1350,"stat.killEntity.EldritchCrab":2,"stat.crouchOneCm":7470,"stat.timeSinceDeath":12466,"stat.pickup.minecraft.ender_pearl":1,"stat.sprintOneCm":99777,"stat.mobKills":7,"stat.useItem.thaumcraft.elemental_sword":32,"stat.pickup.thaumcraft.caster_basic":1,"stat.killEntity.MindSpider":2,"stat.diveOneCm":10987}