{"stat.walkOneCm":64289,"stat.pickup.thaumcraft.sanity_checker":1,"stat.pickup.thaumcraft.traveller_boots":1,"stat.leaveGame":1,"stat.pickup.thaumcraft.focus_3":1,"stat.pickup.thaumcraft.crystal_essence":235,"stat.damageTaken":1238,"stat.pickup.thaumcraft.voidseer_charm":1,"stat.drop.thaumcraft.recharge_pedestal":64,"stat.mobKills":3,"stat.drop.thaumcraft.crystal_essence":117,"stat.useItem.minecraft.potion":1,"stat.pickup.thaumcraft.goggles":1,"stat.flyOneCm":379033,"stat.pickup.minecraft.bed":1,"stat.deaths":1,"stat.pickup.thaumcraft.amulet_vis":1,"stat.drop":5,"stat.jump":133,"stat.swimOneCm":748,"stat.pickup.thaumcraft.elemental_sword":1,"stat.playOneMinute":49479,"stat.fallOneCm":35253,"stat.pickup.minecraft.beef":2,"stat.useItem.minecraft.cooked_beef":4,"stat.sneakTime":854,"stat.damageDealt":150,"stat.crouchOneCm":3000,"stat.pickup.thaumcraft.thaumonomicon":1,"stat.sleepInBed":1,"stat.timeSinceDeath":9669,"stat.pickup.thaumcraft.void_robe_legs":1,"stat.pickup.thaumcraft.grapple_gun":1,"stat.killEntity.Cow":2,"stat.sprintOneCm":46463,"stat.useItem.thaumcraft.elemental_sword":3,"stat.useItem.minecraft.stone_slab2":6,"stat.pickup.thaumcraft.caster_basic":1,"stat.mineBlock.minecraft.tallgrass":18,"stat.killEntity.MindSpider":1,"stat.pickup.minecraft.cooked_beef":61,"stat.diveOneCm":35169,"stat.drop.minecraft.bed":2}