{"stat.useItem.minecraft.rotten_flesh":5,"stat.flyOneCm":16308,"stat.walkOneCm":49447,"stat.drop":1,"stat.jump":10,"stat.killEntity.EldritchGuardian":1,"stat.playOneMinute":6897,"stat.fallOneCm":1440,"stat.leaveGame":1,"stat.pickup.thaumcraft.focus_3":1,"stat.sneakTime":55,"stat.damageTaken":1175,"stat.killEntity.EldritchCrab":4,"stat.damageDealt":10,"stat.useItem.minecraft.golden_carrot":4,"stat.crouchOneCm":660,"stat.timeSinceDeath":6897,"stat.sprintOneCm":36497,"stat.mobKills":24,"stat.useItem.thaumcraft.elemental_sword":1,"stat.killEntity.MindSpider":10,"stat.drop.thaumcraft.focus_3":1}