{"stat.flyOneCm":17748,"stat.walkOneCm":69991,"stat.drop":1,"stat.jump":10,"stat.swimOneCm":303,"stat.drop.thaumcraft.caster_basic":1,"stat.playOneMinute":12192,"stat.fallOneCm":3520,"stat.leaveGame":1,"stat.sneakTime":279,"stat.damageTaken":2300,"stat.killEntity.EldritchCrab":1,"stat.useItem.minecraft.golden_carrot":12,"stat.crouchOneCm":1266,"stat.timeSinceDeath":12192,"stat.sprintOneCm":86241,"stat.mobKills":14,"stat.pickup.thaumcraft.caster_basic":1,"stat.killEntity.MindSpider":8,"stat.diveOneCm":12209}