{"stat.drop.minecraft.potion":1,"stat.walkOneCm":51909,"stat.leaveGame":1,"stat.damageTaken":1177,"stat.killEntity.EldritchCrab":1,"stat.useItem.minecraft.golden_carrot":2,"stat.mobKills":17,"stat.flyOneCm":56921,"stat.drop":1,"stat.jump":10,"stat.swimOneCm":273,"stat.killEntity.EldritchGuardian":1,"stat.playOneMinute":17371,"stat.fallOneCm":3882,"stat.useItem.minecraft.cooked_beef":6,"stat.sneakTime":432,"stat.damageDealt":256,"stat.crouchOneCm":4615,"stat.timeSinceDeath":17371,"stat.killEntity.Squid":2,"stat.sprintOneCm":65252,"stat.useItem.thaumcraft.elemental_sword":6,"stat.useItem.minecraft.stone_slab2":2,"stat.killEntity.MindSpider":7,"stat.diveOneCm":3604}