{
    "parent": "block/cube",
    "textures": {
        "particle": "returnoftheancients:blocks/taint_ancient_stone_0",
        "up": "returnoftheancients:blocks/taint_ancient_stone_0",
        "down": "returnoftheancients:blocks/taint_ancient_stone_1",
        "east": "returnoftheancients:blocks/taint_ancient_stone_2",
        "west": "returnoftheancients:blocks/taint_ancient_stone_3",
        "north": "returnoftheancients:blocks/taint_ancient_stone_4",
        "south": "returnoftheancients:blocks/taint_ancient_stone_5"
    }
}
