{
  "minecraft:husbandry/balanced_diet": {
    "criteria": {
      "golden_carrot": "2024-02-27 14:01:57 +0300"
    },
    "done": false
  },
  "minecraft:husbandry/root": {
    "criteria": {
      "consumed_item": "2024-02-27 14:01:57 +0300"
    },
    "done": true
  },
  "minecraft:recipes/decorations/chest": {
    "criteria": {
      "has_lots_of_items": "2024-02-27 13:57:17 +0300"
    },
    "done": true
  },
  "minecraft:adventure/root": {
    "criteria": {
      "killed_something": "2024-02-27 14:00:00 +0300"
    },
    "done": true
  },
  "minecraft:adventure/adventuring_time": {
    "criteria": {
      "ocean": "2024-02-27 13:57:17 +0300"
    },
    "done": false
  }
}