{
  "minecraft:husbandry/balanced_diet": {
    "criteria": {
      "rotten_flesh": "2024-02-26 14:40:59 +0300",
      "golden_carrot": "2024-02-26 14:38:28 +0300"
    },
    "done": false
  },
  "minecraft:husbandry/root": {
    "criteria": {
      "consumed_item": "2024-02-26 14:38:28 +0300"
    },
    "done": true
  },
  "minecraft:recipes/decorations/chest": {
    "criteria": {
      "has_lots_of_items": "2024-02-26 14:27:07 +0300"
    },
    "done": true
  },
  "minecraft:adventure/root": {
    "criteria": {
      "killed_something": "2024-02-26 14:27:41 +0300"
    },
    "done": true
  },
  "minecraft:adventure/adventuring_time": {
    "criteria": {
      "ocean": "2024-02-26 14:39:30 +0300"
    },
    "done": false
  }
}