{
  "minecraft:husbandry/balanced_diet": {
    "criteria": {
      "cooked_beef": "2024-02-25 22:26:43 +0300"
    },
    "done": false
  },
  "minecraft:husbandry/root": {
    "criteria": {
      "consumed_item": "2024-02-25 22:26:43 +0300"
    },
    "done": true
  },
  "minecraft:recipes/decorations/chest": {
    "criteria": {
      "has_lots_of_items": "2024-02-25 22:23:57 +0300"
    },
    "done": true
  },
  "minecraft:adventure/adventuring_time": {
    "criteria": {
      "ocean": "2024-02-25 22:23:57 +0300"
    },
    "done": false
  }
}