{
  "minecraft:husbandry/root": {
    "criteria": {
      "consumed_item": "2024-02-26 01:32:51 +0300"
    },
    "done": true
  },
  "minecraft:recipes/transportation/dark_oak_boat": {
    "criteria": {
      "entered_water": "2024-02-26 01:35:55 +0300"
    },
    "done": true
  },
  "minecraft:recipes/decorations/chest": {
    "criteria": {
      "has_lots_of_items": "2024-02-26 01:30:00 +0300"
    },
    "done": true
  },
  "minecraft:recipes/transportation/birch_boat": {
    "criteria": {
      "entered_water": "2024-02-26 01:35:55 +0300"
    },
    "done": true
  },
  "minecraft:adventure/kill_a_mob": {
    "criteria": {
      "skeleton": "2024-02-26 01:40:34 +0300"
    },
    "done": true
  },
  "minecraft:adventure/kill_all_mobs": {
    "criteria": {
      "skeleton": "2024-02-26 01:40:34 +0300",
      "spider": "2024-02-26 01:40:39 +0300"
    },
    "done": false
  },
  "minecraft:recipes/transportation/acacia_boat": {
    "criteria": {
      "entered_water": "2024-02-26 01:35:55 +0300"
    },
    "done": true
  },
  "minecraft:husbandry/balanced_diet": {
    "criteria": {
      "cooked_beef": "2024-02-26 01:32:51 +0300",
      "golden_carrot": "2024-02-26 01:48:50 +0300"
    },
    "done": false
  },
  "minecraft:adventure/root": {
    "criteria": {
      "killed_something": "2024-02-26 01:34:43 +0300"
    },
    "done": true
  },
  "minecraft:recipes/transportation/boat": {
    "criteria": {
      "entered_water": "2024-02-26 01:35:55 +0300"
    },
    "done": true
  },
  "minecraft:recipes/transportation/jungle_boat": {
    "criteria": {
      "entered_water": "2024-02-26 01:35:55 +0300"
    },
    "done": true
  },
  "minecraft:recipes/transportation/spruce_boat": {
    "criteria": {
      "entered_water": "2024-02-26 01:35:55 +0300"
    },
    "done": true
  },
  "minecraft:adventure/adventuring_time": {
    "criteria": {
      "beaches": "2024-02-26 01:40:20 +0300",
      "plains": "2024-02-26 01:40:28 +0300",
      "ocean": "2024-02-26 01:30:00 +0300",
      "river": "2024-02-26 01:40:48 +0300",
      "desert": "2024-02-26 01:40:22 +0300"
    },
    "done": false
  }
}