{
    "forge_marker": 1,
    "defaults": {
        "model": "thaureturnoftheancientsmcraft:taint_ancient_stone",
        "transform": "forge:default-block"
     },
    "variants": {
        "normal": [
                { "model": "returnoftheancients:taint_ancient_stone" },
                { "model": "returnoftheancients:taint_ancient_stone", "x": 90 },
                { "model": "returnoftheancients:taint_ancient_stone", "x": 180 },
                { "model": "returnoftheancients:taint_ancient_stone", "x": 270 },
                { "model": "returnoftheancients:taint_ancient_stone", "y": 90 },
                { "model": "returnoftheancients:taint_ancient_stone", "y": 180 },
                { "model": "returnoftheancients:taint_ancient_stone", "y": 270 },
                { "model": "returnoftheancients:taint_ancient_stone", "y": 90, "x": 90 },
                { "model": "returnoftheancients:taint_ancient_stone", "y": 90, "x": 180 },
                { "model": "returnoftheancients:taint_ancient_stone", "y": 90, "x": 270 },
                { "model": "returnoftheancients:taint_ancient_stone", "y": 180, "x": 90 },
                { "model": "returnoftheancients:taint_ancient_stone", "y": 180, "x": 180 },
                { "model": "returnoftheancients:taint_ancient_stone", "y": 180, "x": 270 },
                { "model": "returnoftheancients:taint_ancient_stone", "y": 270, "x": 90 },
                { "model": "returnoftheancients:taint_ancient_stone", "y": 270, "x": 180 },
                { "model": "returnoftheancients:taint_ancient_stone", "y": 270, "x": 270 }
        ], "inventory": [{}]
    }
}