{"stat.chestOpened":2,"stat.pickup.minecraft.rotten_flesh":4,"stat.killEntity.Skeleton":8,"stat.walkOneCm":16492,"stat.pickup.minecraft.bone":8,"stat.killEntity.TaintacleGiant":1,"stat.killEntity.BrainyZombie":1,"stat.pickup.thaumcraft.primordial_pearl":1,"stat.pickup.minecraft.structure_block":1,"stat.leaveGame":1,"stat.pickup.minecraft.arrow":10,"stat.pickup.minecraft.structure_void":1,"stat.killEntity.Slime":17,"stat.killEntity.Spider":8,"stat.killEntity.Enderman":4,"stat.mobKills":59,"stat.killEntity.Creeper":15,"stat.pickup.thaumcraft.loot_bag":1,"stat.pickup.minecraft.string":9,"stat.flyOneCm":110305,"stat.useItem.returnoftheancients.itemprimalblade":63,"stat.jump":159,"stat.playOneMinute":6135,"stat.pickup.thaumcraft.brain":2,"stat.sneakTime":140,"stat.pickup.minecraft.slime_ball":11,"stat.damageDealt":11288,"stat.pickup.minecraft.gunpowder":16,"stat.crouchOneCm":1040,"stat.killEntity.Zombie":5,"stat.timeSinceDeath":6135,"stat.pickup.minecraft.spider_eye":1,"stat.sprintOneCm":19523,"stat.useItem.minecraft.spawn_egg":1}