{"stat.chestOpened":3,"stat.walkOneCm":16696,"stat.killEntity.TaintacleGiant":2,"stat.useItem.minecraft.chest":1,"stat.pickup.thaumcraft.primordial_pearl":2,"stat.leaveGame":1,"stat.pickup.returnoftheancients.itemprimalblade":1,"stat.useItem.returnoftheancients.itemprimalblade":13,"stat.jump":44,"stat.fallOneCm":32539,"stat.crouchOneCm":134,"stat.sprintOneCm":7137,"stat.useItem.minecraft.stone_slab2":3,"stat.pickup.thaumcraft.ingot":1,"stat.pickup.thaumcraft.crystal_essence":1,"stat.damageTaken":3130,"stat.pickup.thaumcraft.nugget":4,"stat.mobKills":2,"stat.pickup.thaumcraft.loot_bag":1,"stat.flyOneCm":24106,"stat.deaths":4,"stat.playOneMinute":6209,"stat.sneakTime":42,"stat.damageDealt":4200,"stat.timeSinceDeath":0,"stat.useItem.minecraft.spawn_egg":3}