{"stat.killEntity.CultistLeader":2,"stat.walkOneCm":7250,"stat.pickup.thaumcraft.primordial_pearl":1,"stat.leaveGame":1,"stat.damageTaken":240,"stat.drop.minecraft.dirt":1,"stat.mobKills":3,"stat.pickup.minecraft.emerald":1,"stat.pickup.minecraft.gold_nugget":21,"stat.useItem.minecraft.diamond_sword":46,"stat.pickup.thaumcraft.loot_bag":2,"stat.drop.thaumcraft.loot_bag":1,"stat.flyOneCm":16979,"stat.deaths":1,"stat.pickup.minecraft.diamond":1,"stat.drop":2,"stat.jump":62,"stat.killEntity.EldritchGuardian":1,"stat.playOneMinute":3227,"stat.sneakTime":58,"stat.damageDealt":3774,"stat.crouchOneCm":39,"stat.timeSinceDeath":82,"stat.sprintOneCm":1441,"stat.useItem.minecraft.stone_slab2":3,"stat.pickup.minecraft.iron_boots":1,"stat.pickup.minecraft.gold_ingot":1}