{"stat.pickup.minecraft.rotten_flesh":3,"stat.killEntity.Skeleton":5,"stat.walkOneCm":27852,"stat.pickup.minecraft.bone":1,"stat.killEntity.TaintacleGiant":2,"stat.leaveGame":1,"stat.pickup.minecraft.arrow":6,"stat.killEntity.Slime":6,"stat.killEntity.TaintCrawler":4,"stat.killEntity.Spider":8,"stat.mobKills":35,"stat.killEntity.Creeper":4,"stat.pickup.thaumcraft.loot_bag":1,"stat.pickup.minecraft.string":5,"stat.flyOneCm":289317,"stat.killEntity.ThaumSlime":3,"stat.useItem.returnoftheancients.itemprimalblade":46,"stat.jump":135,"stat.playOneMinute":29622,"stat.pickup.minecraft.slime_ball":2,"stat.sneakTime":951,"stat.damageDealt":8324,"stat.pickup.minecraft.gunpowder":2,"stat.crouchOneCm":969,"stat.killEntity.Zombie":2,"stat.timeSinceDeath":29622,"stat.pickup.minecraft.spider_eye":2,"stat.sprintOneCm":12403,"stat.useItem.minecraft.spawn_egg":4,"stat.useItem.minecraft.stone_slab2":442,"stat.killEntity.Pig":1}